project_id,record_count,ecdna_positive_count,ecdna_negative_count,screen_positive_count,confusion_matrix,sensitivity,specificity,precision,negative_predictive_value,accuracy,roc_auc_ratio,average_precision_ratio,best_in_sample_accuracy,best_accuracy_threshold_ge,best_in_sample_f1,best_f1_threshold_ge
6542c25fbba7c9250951ac56,196,35,161,79,"{'TP': 35, 'FN': 0, 'FP': 44, 'TN': 117}",1.0,0.7267080745341615,0.4430379746835443,1.0,0.7755102040816326,0.9758651286601596,0.9014932769164605,0.9540816326530612,0.549911604993,0.8767123287671234,0.549911604993
6542d245bba7c9250951ba68,894,46,848,189,"{'TP': 46, 'FN': 0, 'FP': 143, 'TN': 705}",1.0,0.8313679245283019,0.24338624338624337,1.0,0.8400447427293065,0.9788248564397046,0.7424968658704167,0.9697986577181208,0.658227268827,0.6436781609195402,0.492264317094
6877011e9d695229b2cc3d50,35,4,31,10,"{'TP': 4, 'FN': 0, 'FP': 6, 'TN': 25}",1.0,0.8064516129032258,0.4,1.0,0.8285714285714286,0.9596774193548386,0.7333333333333333,0.9428571428571428,0.11124665618,0.8,0.11124665618
68873ecfbd99deeaf7291cfc,48,7,41,11,"{'TP': 7, 'FN': 0, 'FP': 4, 'TN': 37}",1.0,0.9024390243902439,0.6363636363636364,1.0,0.9166666666666666,0.9825783972125436,0.8736394557823128,0.9791666666666666,0.108296335981,0.9333333333333333,0.108296335981
68897e411267c1acc9c560d1,42,4,38,4,"{'TP': 4, 'FN': 0, 'FP': 0, 'TN': 38}",1.0,1.0,1.0,1.0,1.0,1.0,1.0,1.0,0.108296335981,1.0,0.108296335981
68f70d9558a7eafbdde3d081,9,2,7,6,"{'TP': 2, 'FN': 0, 'FP': 4, 'TN': 3}",1.0,0.42857142857142855,0.3333333333333333,1.0,0.5555555555555556,1.0,1.0,1.0,0.384689281585,1.0,0.384689281585
69c59d0cd69472646656266f,1144,300,844,618,"{'TP': 299, 'FN': 1, 'FP': 319, 'TN': 525}",0.9966666666666667,0.6220379146919431,0.48381877022653724,0.9980988593155894,0.7202797202797203,0.9532345971563981,0.8495153898241345,0.8977272727272727,0.535241485117,0.8134556574923547,0.295231591342
6a2dc24c98518be19dee2005,412,84,328,146,"{'TP': 84, 'FN': 0, 'FP': 62, 'TN': 266}",1.0,0.8109756097560976,0.5753424657534246,1.0,0.8495145631067961,0.9720528455284554,0.863957556545554,0.941747572815534,0.28605134272,0.8681318681318683,0.28605134272
6a2dc36c878e7ed917ee200a,23,4,19,17,"{'TP': 4, 'FN': 0, 'FP': 13, 'TN': 6}",1.0,0.3157894736842105,0.23529411764705882,1.0,0.43478260869565216,0.8157894736842105,0.42424242424242425,0.8260869565217391,1.872797443331,0.6,0.439563189973
6a581fe4b219fa804843a951,112,21,91,39,"{'TP': 21, 'FN': 0, 'FP': 18, 'TN': 73}",1.0,0.8021978021978022,0.5384615384615384,1.0,0.8392857142857143,0.9618001046572476,0.8435433449287175,0.9285714285714286,0.780315263191,0.8095238095238095,0.780315263191
6a5a432efaab0afcb5586742,1116,197,919,611,"{'TP': 197, 'FN': 0, 'FP': 414, 'TN': 505}",1.0,0.5495103373231773,0.32242225859247137,1.0,0.6290322580645161,0.8861541180824446,0.5731432423960107,0.8467741935483871,0.722994645276,0.6096256684491979,0.187948800105
6a5a4a116b83a17ac9586742,11,11,0,11,"{'TP': 11, 'FN': 0, 'FP': 0, 'TN': 0}",1.0,,1.0,,1.0,,,,,,
6a5a4a970664f9111b586742,337,52,285,112,"{'TP': 52, 'FN': 0, 'FP': 60, 'TN': 225}",1.0,0.7894736842105263,0.4642857142857143,1.0,0.8219584569732937,0.9709176788124156,0.8477157924673233,0.9287833827893175,0.664963400202,0.7894736842105263,0.251154253301
6a5a4f41f0fb4735a8586742,202,31,171,95,"{'TP': 31, 'FN': 0, 'FP': 64, 'TN': 107}",1.0,0.6257309941520468,0.3263157894736842,1.0,0.6831683168316832,0.947934352009055,0.7424072193873353,0.9108910891089109,0.481423032103,0.7076923076923077,0.384030833306
6a5a559851b225cd74586742,837,42,795,73,"{'TP': 42, 'FN': 0, 'FP': 31, 'TN': 764}",1.0,0.9610062893081761,0.5753424657534246,1.0,0.9629629629629629,0.9988918837975442,0.9789994447397693,0.994026284348865,0.0986456010008,0.9425287356321839,0.0986456010008
6a5a7edc6b83a17ac958761e,2940,386,2554,1481,"{'TP': 382, 'FN': 4, 'FP': 1099, 'TN': 1455}",0.9896373056994818,0.5696945967110415,0.2579338284942606,0.9972583961617546,0.6248299319727891,0.8727476152413567,0.4220682299885751,0.8700680272108844,0.973618947612,0.5092724679029956,0.120567269999
6a5a8b365abd0ddfd1d6e7af,3550,444,3106,1788,"{'TP': 438, 'FN': 6, 'FP': 1350, 'TN': 1756}",0.9864864864864865,0.5653573728267869,0.24496644295302014,0.996594778660613,0.6180281690140845,0.8715019752527802,0.411310938160351,0.8760563380281691,0.973618947612,0.4942598187311178,0.120567269999
6a5a946971bfe99e4bd6e7b0,7874,1019,6855,3581,"{'TP': 1010, 'FN': 9, 'FP': 2571, 'TN': 4284}",0.9911678115799804,0.624945295404814,0.2820441217537001,0.9979035639412998,0.6723393446786894,0.8972473406444585,0.5081045052150837,0.8796037592075184,0.780664122877,0.5403690888119954,0.11530898158
6a5be6cd5bcd8f807e207525,3399,326,3073,1394,"{'TP': 326, 'FN': 0, 'FP': 1068, 'TN': 2005}",1.0,0.6524568825252196,0.23385939741750358,1.0,0.6857899382171226,0.9393091221982875,0.5735633346837536,0.9182112385995881,0.746361896097,0.5811088295687885,0.204969986403
6a5ce1ed0847fe8050911f5a,3936,469,3467,1763,"{'TP': 459, 'FN': 10, 'FP': 1304, 'TN': 2163}",0.9786780383795309,0.6238823190077877,0.2603516732841747,0.9953980671882191,0.6661585365853658,0.8978962782199269,0.4990823665172164,0.8897357723577236,0.71392369573,0.5353466026080989,0.185440869965
6a5e9f776714848c8db0da93,222,34,188,111,"{'TP': 34, 'FN': 0, 'FP': 77, 'TN': 111}",1.0,0.5904255319148937,0.3063063063063063,1.0,0.6531531531531531,0.8570087609511889,0.3995430787681978,0.8468468468468469,1.925973884957,0.540983606557377,0.0502377157926
6a5e9fa67be58fdc78b0da94,1,1,0,1,"{'TP': 1, 'FN': 0, 'FP': 0, 'TN': 0}",1.0,,1.0,,1.0,,,,,,
6a5ea005fc8924825fb0da93,588,58,530,100,"{'TP': 58, 'FN': 0, 'FP': 42, 'TN': 488}",1.0,0.9207547169811321,0.58,1.0,0.9285714285714286,0.9888093689004555,0.8798541700193968,0.9710884353741497,0.125754279025,0.8702290076335878,0.117387039443
6a5ea06aba6d1e35e3b0da94,19,9,10,11,"{'TP': 9, 'FN': 0, 'FP': 2, 'TN': 8}",1.0,0.8,0.8181818181818182,1.0,0.8947368421052632,0.9333333333333333,0.9060405643738978,0.9473684210526315,0.316832805927,0.9473684210526316,0.316832805927
6a5ea0fcfc8924825fb10842,3,3,0,3,"{'TP': 3, 'FN': 0, 'FP': 0, 'TN': 0}",1.0,,1.0,,1.0,,,,,,
6a5ea18b6714848c8db0e8f5,55,2,53,10,"{'TP': 2, 'FN': 0, 'FP': 8, 'TN': 45}",1.0,0.8490566037735849,0.2,1.0,0.8545454545454545,0.9622641509433962,0.41666666666666663,0.9636363636363636,1.782856841841,0.6666666666666666,0.498272510856
6a5ea1a0be3bb2d472b0da94,30,5,25,20,"{'TP': 5, 'FN': 0, 'FP': 15, 'TN': 10}",1.0,0.4,0.25,1.0,0.5,0.6719999999999999,0.25371212121212117,0.8333333333333334,1.8453948162709999,0.47619047619047616,0.0785460642085
6a5ea1b5ba6d1e35e3b0dc41,66,7,59,16,"{'TP': 7, 'FN': 0, 'FP': 9, 'TN': 50}",1.0,0.847457627118644,0.4375,1.0,0.8636363636363636,0.9806295399515738,0.8571428571428572,0.9545454545454546,0.333050012261,0.8235294117647058,0.103760730596
6a5ea1dca3e5a9da5eb0da93,12,5,7,5,"{'TP': 5, 'FN': 0, 'FP': 0, 'TN': 7}",1.0,1.0,1.0,1.0,1.0,1.0,1.0,1.0,0.821967228042,1.0,0.821967228042
6a5ea2166714848c8db0f348,12,2,10,2,"{'TP': 2, 'FN': 0, 'FP': 0, 'TN': 10}",1.0,1.0,1.0,1.0,1.0,1.0,1.0,1.0,0.804131612103,1.0,0.804131612103
6a5ea3812d06835f94b0da93,13,2,11,7,"{'TP': 2, 'FN': 0, 'FP': 5, 'TN': 6}",1.0,0.5454545454545454,0.2857142857142857,1.0,0.6153846153846154,0.9545454545454546,0.8333333333333333,0.9230769230769231,0.843071817014,0.8,0.333050012261
6a5ea3b3a3e5a9da5eb0db36,4,1,3,1,"{'TP': 1, 'FN': 0, 'FP': 0, 'TN': 3}",1.0,1.0,1.0,1.0,1.0,1.0,1.0,1.0,0.755986001494,1.0,0.755986001494
